<beans xmlns="http://www.springframework.org/schema/beans"
       xmlns:xsi="http://www.w3.org/2001/XMLSchema-instance"
       xmlns:context="http://www.springframework.org/schema/context"
       xmlns:task="http://www.springframework.org/schema/task"
       xsi:schemaLocation="http://www.springframework.org/schema/beans
	http://www.springframework.org/schema/beans/spring-beans-3.0.xsd http://www.springframework.org/schema/context http://www.springframework.org/schema/context/spring-context.xsd http://www.springframework.org/schema/task http://www.springframework.org/schema/task/spring-task.xsd">

    <context:component-scan base-package="com.mycuteblog.spring"/>

    <bean id="xmlScheduledTasks" class="com.mycuteblog.spring.schedule.Xml"/>

    <task:scheduler id="taskScheduler" pool-size="10"/>

    <task:scheduled-tasks>
        <task:scheduled ref="xmlScheduledTasks" method="xmlFixedDelayTask" fixed-delay="8000"/>
        <task:scheduled ref="xmlScheduledTasks" method="xmlFixedRateTask" fixed-rate="10000"/>
        <task:scheduled ref="xmlScheduledTasks" method="xmlCronTask" cron="15 * * * * *"/>
    </task:scheduled-tasks>

</beans>